key_mlbam,name
592091,A.J. Achter
669935,A.J. Alexy
150359,A.J. Burnett
595918,A.J. Cole
454560,A.J. Ellis
456167,A.J. Griffin
543362,A.J. Jimenez
621345,A.J. Minter
571963,A.J. Morris
150229,A.J. Pierzynski
640462,A.J. Puk
607223,A.J. Reed
519263,A.J. Schugel
571437,Aaron Altherr
676879,Aaron Ashby
594760,Aaron Blair
605156,Aaron Brooks
607481,Aaron Bummer
650644,Aaron Civale
667465,Aaron Fletcher
421685,Aaron Harang
543305,Aaron Hicks
431094,Aaron Hill
592450,Aaron Judge
444836,Aaron Laffey
571901,Aaron Loup
605400,Aaron Nola
573062,Aaron Northcraft
592717,Aaron Sanchez
642083,Aaron Slegers
457744,Aaron Thompson
664334,Aaron Whitefield
658792,Aaron Wilkerson
593582,Abel De Los Santos
623214,Abiatal Avelino
501659,Abraham Almonte
647351,Abraham Toro
606167,Adalberto Mejia
609275,Adalberto Mondesi
643256,Adam Cimber
543045,Adam Conley
594807,Adam Duvall
594809,Adam Eaton
641553,Adam Engel
624428,Adam Frazier
656514,Adam Haseley
430945,Adam Jones
592473,Adam Kolarek
425560,Adam LaRoche
571893,Adam Liberatore
452252,Adam Lind
429400,Adam Loewen
607030,Adam McCreery
446192,Adam Moore
605388,Adam Morgan
493603,Adam Ottavino
592644,Adam Plutko
489267,Adam Rosales
425794,Adam Wainwright
476589,Adam Warren
573244,Adam Wilk
640470,Adbert Alzolay
592665,Addison Reed
608365,Addison Russell
666969,Adolis Garcia
611177,Adonis Garcia
658431,Adonis Medina
650738,Adonis Rosa
134181,Adrian Beltre
408236,Adrian Gonzalez
605288,Adrian Houser
670970,Adrian Morejon
592716,Adrian Sampson
506703,Adrian Sanchez
572041,AJ Pollock
573109,AJ Ramos
592570,Akeel Morris
641384,Akeem Bostick
668731,Akil Baddoo
456379,Al Alburquerque
641427,Alan Busenitz
676701,Alan Trejo
656061,Albert Abreu
546991,Albert Almora
405395,Albert Pujols
544150,Albert Suarez
593604,Alberto Baldonado
430948,Alberto Callaspo
451705,Alberto Rosario
444876,Alcides Escobar
594742,Alec Asher
676424,Alec Bettinger
664761,Alec Bohm
621219,Alec Mills
649557,Aledmys Diaz
591701,Alejandro Chacin
457477,Alejandro De Aza
672386,Alejandro Kirk
664670,Alejo Lopez
666201,Alek Manoah
593700,Alen Hanson
488671,Alex Avila
607468,Alex Blandino
608324,Alex Bregman
592222,Alex Claudio
502171,Alex Cobb
517008,Alex Colome
621008,Alex De Goti
543105,Alex Dickerson
648717,Alex Guerrero
656577,Alex Jackson
666135,Alex Kirilloff
656638,Alex Lange
656725,Alex McRae
622270,Alex Mejia
543542,Alex Meyer
502100,Alex Presley
621052,Alex Reyes
425567,Alex Rios
121347,Alex Rodriguez
456776,Alex Torres
657077,Alex Verdugo
681911,Alex Vesia
649144,Alex Wells
543935,Alex Wilson
592872,Alex Wimmers
622072,Alex Wood
622065,Alex Young
493351,Alexei Ramirez
506560,Alexi Amarista
468396,Alexi Ogando
663845,Alfonso Rivas
554054,Alfredo Gonzalez
501245,Alfredo Marte
430580,Alfredo Simon
645305,Ali Sanchez
488852,Allan Dykstra
642707,Allen Cordoba
501800,Allen Craig
543903,Allen Webster
642708,Amed Rosario
607237,Amir Garrett
660731,Anderson Tejeda
444843,Andre Ethier
656578,Andre Jackson
516589,Andre Rienzo
668687,Andre Scrubb
592743,Andrelton Simmons
433217,Andres Blanco
665926,Andres Gimenez
600921,Andres Machado
662253,Andres Munoz
452027,Andrew Albers
457732,Andrew Bailey
571479,Andrew Bellatti
643217,Andrew Benintendi
488768,Andrew Cashner
605177,Andrew Chafin
605226,Andrew Faulkner
571760,Andrew Heaney
552640,Andrew Kittredge
595284,Andrew Knapp
668800,Andrew Knizner
518911,Andrew Lambo
457705,Andrew McCutchen
605374,Andrew McKirahan
453192,Andrew Miller
621058,Andrew Moore
461865,Andrew Romine
664057,Andrew Stevenson
592808,Andrew Toles
607755,Andrew Vasquez
683734,Andrew Vaughn
623205,Andrew Velazquez
681806,Andrew Wantz
670370,Andrew Young
542992,Andy Burns
628451,Andy Ibanez
519107,Andy Parrino
519421,Andy Wilkins
502162,Angel Castro
553970,Angel Nesbitt
434636,Angel Pagan
622780,Angel Perdomo
667373,Angel Rondon
605795,Angel Sanchez
672582,Angel Zerpa
434671,Anibal Sanchez
546990,Anthony Alford
607455,Anthony Banda
542914,Anthony Bass
621532,Anthony Bemboom
669622,Anthony Bender
621593,Anthony Castro
543101,Anthony DeSclafani
543238,Anthony Gose
641743,Anthony Kay
664948,Anthony Misiewicz
519168,Anthony Ranaudo
489232,Anthony Recker
543685,Anthony Rendon
519203,Anthony Rizzo
623993,Anthony Santander
461872,Anthony Swarzak
460008,Anthony Varvaro
455374,Antonio Bastardo
665733,Antonio Santos
622608,Antonio Senzatela
605244,Aramis Garcia
133380,Aramis Ramirez
455376,Arcenio Leon
605151,Archie Bradley
554374,Ariel Hernandez
664641,Ariel Miranda
516414,Ariel Pena
570489,Arismendy Alcantara
606157,Aristides Aquino
504186,Arnold Leon
527055,Arodys Vizcaino
547973,Aroldis Chapman
491708,Arquimedes Caminero
605521,Art Warren
452678,Asdrubal Cabrera
592879,Asher Wojciechowski
623485,Ashton Goudeau
572208,Ashur Tolliver
657117,Austen Williams
613534,Austin Adams
542866,Austin Adams
664119,Austin Allen
605131,Austin Barnes
502212,Austin Bibens-Dirkx
592169,Austin Brice
656354,Austin Davis
621573,Austin Dean
596295,Austin Gomber
669720,Austin Hays
595978,Austin Hedges
457706,Austin Jackson
545348,Austin Maddox
640457,Austin Meadows
543592,Austin Nola
643493,Austin Pruitt
663586,Austin Riley
519222,Austin Romine
596103,Austin Slater
608723,Austin Voth
681810,Austin Warren
642851,Austin Wynns
541645,Avisail Garcia
425834,B. J. Upton
663559,Bailey Falter
641927,Bailey Ober
592120,Barrett Astin
217096,Barry Zito
112526,Bartolo Colon
663366,Beau Burrows
641386,Ben Bowden
592325,Ben Gamel
594902,Ben Lively
656738,Ben Meyer
572019,Ben Paulsen
519184,Ben Revere
666163,Ben Rortvedt
594985,Ben Rowen
664701,Ben Taylor
450314,Ben Zobrist
641576,Bernardo Flores
542993,Billy Burns
456714,Billy Butler
571740,Billy Hamilton
641856,Billy McKinney
430641,Blaine Boyer
543278,Blaine Hardy
503351,Blake Lalli
453284,Blake Parker
544930,Blake Smith
605483,Blake Snell
596119,Blake Swihart
642130,Blake Taylor
664167,Blake Trahan
595014,Blake Treinen
502028,Blake Wood
666182,Bo Bichette
544759,Bo Schultz
656252,Bobby Bradley
666915,Bobby Dalbec
489039,Bobby LaFromboise
458730,Bobby Parnell
596074,Bobby Poyner
435064,Bobby Wilson
621471,Boog Powell
457429,Boone Logan
502202,Brad Boxberger
542960,Brad Brach
643329,Brad Goldberg
543272,Brad Hand
641745,Brad Keller
543543,Brad Miller
502166,Brad Mills
502748,Brad Peacock
623364,Brad Wieck
446899,Brad Ziegler
623323,Braden Bishop
640463,Braden Shipley
605548,Bradley Zimmer
621078,Brady Lail
572086,Brady Rodgers
663903,Brady Singer
572038,Branden Pinder
488681,Brandon Barnes
545404,Brandon Beachy
474832,Brandon Belt
656232,Brandon Bielak
592165,Brandon Brennan
543063,Brandon Crawford
592238,Brandon Cumpton
594792,Brandon Cunniff
505447,Brandon Dickson
641525,Brandon Dixon
592273,Brandon Drury
605232,Brandon Finnegan
460156,Brandon Gomes
446386,Brandon Guyer
445213,Brandon Kintzler
664040,Brandon Lowe
448167,Brandon Mann
669016,Brandon Marsh
543506,Brandon Maurer
435221,Brandon McCarthy
453344,Brandon Morrow
461235,Brandon Moss
607043,Brandon Nimmo
408252,Brandon Phillips
474319,Brandon Snyder
663399,Brandon Waddell
605540,Brandon Woodruff
519443,Brandon Workman
670087,Brandyn Sittinger
666129,Braxton Garrett
657658,Braxton Lee
430910,Brayan Pena
656713,Brendan McKay
663898,Brendan Rodgers
453895,Brendan Ryan
453269,Brennan Boesch
641703,Brent Honeywell
543569,Brent Morel
667670,Brent Rooker
608718,Brent Suter
474463,Brett Anderson
594762,Brett Bochy
446399,Brett Cecil
676969,Brett de Geus
458731,Brett Gardner
605255,Brett Graves
451109,Brett Hayes
664028,Brett Kennedy
543434,Brett Lawrie
656685,Brett Martin
592592,Brett Nicholas
519085,Brett Oberholtzer
621433,Brett Phillips
477165,Brett Wallace
591971,Breyvic Valera
605119,Brian Anderson
460131,Brian Bogusevic
488846,Brian Duensing
623395,Brian Ellington
543169,Brian Flynn
571718,Brian Goodwin
598271,Brian Johnson
451085,Brian Matusz
435263,Brian McCann
675649,Brian Miller
572383,Brian Moran
657434,Brian O'Grady
489295,Brian Schlitter
656271,Brock Burke
571788,Brock Holt
595426,Brock Stassi
592779,Brock Stewart
621259,Brody Koerner
276520,Bronson Arroyo
453156,Brooks Brown
621139,Brooks Kriske
572044,Brooks Pounders
548384,Brooks Raley
136600,Bruce Chen
622194,Bruce Maxwell
541652,Bruce Rondon
669145,Bruce Zimmermann
660813,Brusdar Graterol
650556,Bryan Abreu
457762,Bryan Anderson
641329,Bryan Baker
650559,Bryan De La Cruz
650530,Bryan Garcia
592407,Bryan Holaday
571951,Bryan Mitchell
457768,Bryan Morris
668804,Bryan Reynolds
543766,Bryan Shaw
518490,Bryce Brentz
547180,Bryce Harper
669060,Bryse Wilson
571656,Buck Farmer
502032,Bud Norris
571473,Buddy Baumann
542953,Buddy Boshers
234194,Buddy Carlyle
572143,Burch Smith
488674,Burke Badenhop
457763,Buster Posey
621439,Byron Buxton
666560,Byung Ho Park
547348,C.C. Lee
543068,C.J. Cron
592677,C.J. Riefenhauser
450351,C.J. Wilson
615698,Cal Quantrill
663728,Cal Raleigh
670056,Caleb Baragar
571584,Caleb Cotham
657571,Caleb Ferguson
621350,Caleb Frare
592761,Caleb Smith
573204,Caleb Thielbar
592135,Cam Bedrosian
595956,Cam Gallagher
457727,Cameron Maybin
573088,Cameron Perkins
519237,Cameron Rupp
666808,Camilo Doval
408307,Carl Crawford
605218,Carl Edwards
641319,Carlos Asuaje
136860,Carlos Beltran
471911,Carlos Carrasco
542266,Carlos Contreras
449786,Carlos Corporan
621043,Carlos Correa
608032,Carlos Estevez
516910,Carlos Frias
460576,Carlos Gomez
471865,Carlos Gonzalez
672578,Carlos Hernandez
593372,Carlos Martinez
519037,Carlos Moncrief
451713,Carlos Peguero
542208,Carlos Perez
570702,Carlos Ramirez
607074,Carlos Rodon
434563,Carlos Ruiz
570560,Carlos Sanchez
467793,Carlos Santana
624636,Carlos Tocci
448614,Carlos Torres
453646,Carlos Villanueva
542942,Carson Blair
608334,Carson Fulmer
608348,Carson Kelly
605476,Carson Smith
605169,Carter Capps
666198,Carter Kieboom
502272,Casey Fien
445163,Casey Janssen
543391,Casey Kelly
596271,Casey Lawrence
431171,Casey McGehee
663554,Casey Mize
594987,Casey Sadler
624415,Cavan Biggio
282332,CC Sabathia
641962,CD Pelham
501986,Cedric Hunter
656775,Cedric Mullins
501627,Cesar Cabral
514917,Cesar Hernandez
462945,Cesar Jimenez
459987,Cesar Ramos
491624,Cesar Valdez
570714,Cesar Vargas
518445,Chad Bell
518452,Chad Bettis
451532,Chad Billingsley
643325,Chad Girodo
643338,Chad Green
502151,Chad Huffman
554432,Chad Jenkins
641771,Chad Kuhl
640461,Chad Pinder
430589,Chad Qualls
605477,Chad Smith
595453,Chad Wallach
644433,Chadwick Tromp
642082,Chance Sisco
605469,Chandler Shepherd
656212,Charlie Barnes
453568,Charlie Blackmon
518586,Charlie Culberson
518703,Charlie Furbush
450203,Charlie Morton
605508,Charlie Tilson
676801,Chas McCormick
502624,Chase Anderson
607473,Chase Bradford
488818,Chase d'Arnaud
608328,Chase De Jong
452104,Chase Headley
400284,Chase Utley
595032,Chase Whitley
592741,Chasen Shreve
475054,Chaz Roe
592346,Chi Chi Gonzalez
425426,Chien-Ming Wang
629496,Chih-Wei Hu
425835,Chin-hui Tsao
502042,Chris Archer
605135,Chris Bassitt
571476,Chris Beck
425626,Chris Capuano
474892,Chris Carter
458085,Chris Coghlan
499624,Chris Colabello
456121,Chris Denorfia
606965,Chris Devenski
458689,Chris Dominguez
595939,Chris Ellis
623167,Chris Flexen
460269,Chris Gimenez
656467,Chris Gittens
501822,Chris Hatcher
502317,Chris Heisey
543302,Chris Herrmann
518790,Chris Heston
455104,Chris Iannetta
453400,Chris Johnson
502029,Chris Marrero
455119,Chris Martin
607391,Chris Mazza
429780,Chris Narveson
622217,Chris O'Grady
572008,Chris Owings
663978,Chris Paddack
476633,Chris Parmelee
595371,Chris Rearick
607068,Chris Reed
669735,Chris Rodriguez
635903,Chris Rowley
519242,Chris Sale
622046,Chris Shaw
627262,Chris Smith
434672,Chris Smith
455755,Chris Stewart
608717,Chris Stratton
621035,Chris Taylor
501957,Chris Tillman
458690,Chris Volstad
519437,Chris Withrow
432934,Chris Young
455759,Chris Young
624414,Christian Arroyo
548357,Christian Bergman
542194,Christian Bethancourt
543184,Christian Friedrich
543877,Christian Vazquez
570799,Christian Villanueva
572233,Christian Walker
592885,Christian Yelich
607471,Christopher Bostick
672335,Cionel Perez
657376,Clarke Schmidt
453329,Clay Buchholz
605280,Clay Holmes
477132,Clayton Kershaw
453385,Clayton Richard
460060,Cliff Pennington
425549,Clint Barmes
519208,Clint Robinson
424825,Coco Crisp
676051,Codi Heuer
592102,Cody Allen
594736,Cody Anderson
605125,Cody Asche
641355,Cody Bellinger
572804,Cody Decker
643297,Cody Ege
595235,Cody Hall
592533,Cody Martin
664074,Cody Ponce
547001,Cody Poteet
642003,Cody Reed
425496,Cody Ross
592774,Cody Stanley
664054,Cody Stashak
680963,Cody Wilson
407890,Colby Lewis
458675,Colby Rasmus
502676,Cole Figueroa
502261,Cole Gillespie
608344,Cole Irvin
642121,Cole Sulser
657061,Cole Tucker
592567,Colin Moran
621363,Colin Poche
607067,Colin Rea
595023,Colin Walsh
444446,Collin Balester
518577,Collin Cowgill
543521,Collin McHugh
518833,Colt Hynes
605155,Colten Brewer
605396,Colton Murray
666213,Colton Welker
641632,Conner Greene
669214,Conner Menez
641401,Connor Brogdon
656582,Connor Joe
656818,Connor Overton
592712,Connor Sadzeck
657756,Connor Seabold
657136,Connor Wong
543216,Conor Gillaspie
571969,Conor Mullee
681867,Cooper Criswell
543377,Corban Joseph
669203,Corbin Burnes
656686,Corbin Martin
572816,Corey Dickerson
430611,Corey Hart
446372,Corey Kluber
608349,Corey Knebel
621261,Corey Oswalt
641999,Corey Ray
608369,Corey Seager
676265,Cory Abbott
458537,Cory Luebke
543508,Cory Mazzoni
474284,Cory Rasmus
605486,Cory Spangenberg
444520,Craig Breslow
502226,Craig Gentry
518886,Craig Kimbrel
489334,Craig Stammen
542436,Cristhian Adames
664299,Cristian Javier
665506,Cristian Pache
650911,Cristopher Sanchez
592200,Curt Casali
434158,Curtis Granderson
489197,Curtis Partch
663799,Curtis Terry
592769,D.J. Snelten
493193,Dae-ho Lee
641712,Dakota Hudson
445612,Dale Thayer
648737,Dalier Hinojosa
542923,Dallas Beeler
572971,Dallas Keuchel
592647,Dalton Pompey
571911,Damien Magnifico
676103,Damon Jones
656186,Dan Altavilla
576788,Dan Butler
547176,Dan Camarena
429717,Dan Haren
543359,Dan Jennings
430681,Dan Johnson
519096,Dan Otero
543706,Dan Robertson
502130,Dan Runzler
592753,Dan Slania
573185,Dan Straily
462564,Dan Uggla
596129,Dan Vogelbach
595465,Dan Winkler
445968,Dana Eveland
641540,Dane Dunning
453268,Daniel Bard
641447,Daniel Castano
593495,Daniel Castro
542289,Daniel Corcino
518614,Daniel Descalso
571665,Daniel Fields
605254,Daniel Gossett
543339,Daniel Hudson
669288,Daniel Johnson
663738,Daniel Lynch
596043,Daniel Mengden
594940,Daniel Muno
537953,Daniel Nava
596057,Daniel Norris
594953,Daniel Palka
594965,Daniel Ponce de Leon
621002,Daniel Robertson
621385,Daniel Stumpf
543900,Daniel Webb
642229,Daniel Wright
623354,Daniel Zamora
592130,Danny Barnes
592181,Danny Burawa
543056,Danny Coulombe
457760,Danny Dorn
518633,Danny Duffy
457787,Danny Espinosa
543144,Danny Farquhar
543343,Danny Hultzen
643376,Danny Jansen
664901,Danny Mendick
543611,Danny Ortiz
517593,Danny Salazar
542454,Danny Santana
502143,Danny Valencia
519445,Danny Worth
621020,Dansby Swanson
666204,Dany Jimenez
645848,Dariel Alvarez
628345,Darien Nunez
518991,Darin Mastroianni
573131,Darin Ruf
642607,Dario Agrazal
516714,Dario Alvarez
572182,Darnell Sweeney
571553,Darrell Ceciliani
670766,Darren McCaughan
503285,Darren O'Day
446381,Darwin Barney
650382,Darwinzon Hernandez
641726,Daulton Jefferies
662139,Daulton Varsho
664294,Dauri Moreta
430911,David Aardsma
670280,David Bednar
623520,David Bote
571527,David Buchanan
502304,David Carpenter
518526,David Carpenter
621311,David Dahl
430203,David DeJesus
664058,David Fletcher
501896,David Freese
571679,David Freitas
592341,David Goforth
571735,David Hale
456696,David Hernandez
605276,David Hess
571787,David Holmberg
453307,David Huff
518953,David Lough
641853,David McKay
461815,David Murphy
120074,David Ortiz
600944,David Paulino
444482,David Peralta
656849,David Peterson
475479,David Phelps
456034,David Price
502085,David Robertson
543716,David Rollins
424325,David Ross
572241,David Washington
431151,David Wright
500765,Dayan Diaz
663662,Daz Cameron
542883,Dean Anna
657209,Dean Deetz
518883,Dean Kiekhefer
665152,Dean Kremer
592547,Deck McGuire
543829,Dee Strange-Gordon
665620,Deivi Garcia
592261,Delino DeShields
476454,Dellin Betances
430321,Delmon Young
663770,Demarcus Evans
452655,Denard Span
642701,Dennis Santana
500610,Deolis Guerra
605446,Dereck Rodriguez
605233,Derek Fisher
656537,Derek Hill
502706,Derek Holland
571882,Derek Law
519083,Derek Norris
457775,Desmond Jennings
543329,Destin Hood
571918,Deven Marrero
519023,Devin Mesoraco
656970,Devin Smeltzer
642207,Devin Williams
581527,Devon Travis
451594,Dexter Fowler
544369,Didi Gregorius
650895,Diego Castillo
514981,Diego Moreno
608650,Dietrich Enns
518716,Dillon Gee
596027,Dillon Maples
592614,Dillon Overton
596071,Dillon Peters
622253,Dillon Tate
605504,Dillon Thomas
659275,Dinelson Lamet
425900,Dioner Navarro
553988,Dixon Machado
597113,DJ Johnson
518934,DJ LeMahieu
656847,DJ Peters
621466,DJ Stewart
624513,Dom Nunez
642758,Domingo Acevedo
593334,Domingo German
642736,Domingo Leyba
593619,Domingo Tapia
608678,Dominic Leone
642086,Dominic Smith
502126,Domonic Brown
430603,Don Kelly
543698,Donn Roach
643354,Donnie Hart
453264,Donnie Veal
518764,Donovan Hand
456781,Donovan Solano
622268,Donovan Walton
448674,Doug Bernier
450729,Doug Fister
623454,Drew Anderson
460077,Drew Butera
656290,Drew Carlton
656403,Drew Ellis
543193,Drew Gagnon
502457,Drew Hayes
571800,Drew Hutchison
623515,Drew Jackson
519141,Drew Pomeranz
656876,Drew Rasmussen
592685,Drew Robinson
607968,Drew Rucinski
622098,Drew Smith
592767,Drew Smyly
608716,Drew Steckenrider
519322,Drew Storen
453211,Drew Stubbs
572403,Drew VerHagen
621249,Duane Underwood
643400,Dusten Knight
554429,Dustin Ackley
542884,Dustin Antolin
641583,Dustin Fowler
572863,Dustin Garneau
669160,Dustin May
430661,Dustin McGowan
451783,Dustin Molleken
456030,Dustin Pedroia
640460,Dustin Peterson
543038,Dusty Coleman
518420,Dylan Axelrod
605164,Dylan Bundy
666185,Dylan Carlson
656302,Dylan Cease
669395,Dylan Coleman
622226,Dylan Cozens
571670,Dylan Floro
669276,Dylan Lee
664238,Dylan Moore
446225,Ed Easley
572750,Eddie Butler
543195,Eddie Gamboa
592696,Eddie Rosario
657193,Eddy Alvarez
658305,Edgar Garcia
500891,Edgar Ibarra
543607,Edgar Olmos
650828,Edgar Santana
624641,Edmundo Sosa
660825,Eduard Bazardo
500871,Eduardo Escobar
621592,Eduardo Jimenez
622161,Eduardo Paredes
593958,Eduardo Rodriguez
591693,Edubray Ramos
665795,Edward Cabrera
465629,Edward Mujica
658668,Edward Olivares
487675,Edward Paredes
621242,Edwin Diaz
546276,Edwin Escobar
429719,Edwin Jackson
621458,Edwin Rios
670955,Edwin Uceta
519068,Efren Navarro
501303,Ehire Adrianza
669212,Eli Morgan
642201,Eli White
467070,Elian Herrera
553869,Elias Diaz
622694,Elieser Hernandez
650391,Eloy Jimenez
462101,Elvis Andrus
542587,Elvis Araujo
672773,Elvis Luciano
665625,Elvis Peguero
641941,Emilio Pagan
502034,Emmanuel Burriss
661403,Emmanuel Clase
656896,Emmanuel Rivera
542255,Ender Inciarte
575070,Enderson Franco
622713,Engelb Vielma
544836,Enny Romero
660600,Enoli Paredes
542609,Enrique Burgos
571771,Enrique Hernandez
660853,Enyel De Los Santos
541640,Erasmo Ramirez
493472,Eric Campbell
518700,Eric Fryer
606992,Eric Haase
621098,Eric Hanhold
543333,Eric Hosmer
641778,Eric Lauer
447714,Eric O'Flaherty
607215,Eric Skoglund
519299,Eric Sogard
608715,Eric Stamets
657770,Eric Stout
445590,Eric Stults
474668,Eric Surkamp
642233,Eric Yardley
458913,Eric Young
430947,Erick Aybar
602080,Erick Castillo
607200,Erick Fedde
449170,Erik Cordier
592340,Erik Goeddel
570481,Erik Gonzalez
605304,Erik Johnson
657024,Erik Swanson
457117,Ernesto Frieri
676391,Ernie Clement
429722,Ervin Santana
469134,Esmil Rogers
664314,Estevan Florial
553993,Eugenio Suarez
516811,Eury Perez
594828,Evan Gattis
446334,Evan Longoria
605359,Evan Marshall
623465,Evan Phillips
519267,Evan Scribner
657108,Evan White
501870,Everett Teaford
465784,Everth Cabrera
485567,Ezequiel Carrera
503566,Fabio Castillo
553878,Felipe Vazquez
467094,Felix Doubront
433587,Felix Hernandez
602928,Felix Jorge
570240,Felix Pena
472551,Fernando Abad
407845,Fernando Rodney
451775,Fernando Rodriguez
622864,Fernando Romero
477569,Fernando Salas
665487,Fernando Tatis
656492,Foster Griffin
664285,Framber Valdez
614173,Franchy Cordero
642564,Francis Martes
516472,Francisco Arcia
596019,Francisco Lindor
434538,Francisco Liriano
642336,Francisco Mejia
506747,Francisco Pena
660906,Francisco Perez
408061,Francisco Rodriguez
571057,Frank Garces
497807,Frank Herrmann
643524,Frank Schwindel
593423,Frankie Montas
429711,Franklin Gutierrez
462985,Franklin Morales
614177,Franmil Reyes
518692,Freddie Freeman
520471,Freddy Galvis
642547,Freddy Peralta
656620,Gabe Klobosits
642100,Gabe Speier
602115,Gabriel Guerrero
622382,Gabriel Moya
593679,Gabriel Ynoa
594555,Garin Cecchini
664076,Garrett Cleavinger
643265,Garrett Cooper
676979,Garrett Crochet
641658,Garrett Hampson
434540,Garrett Jones
572070,Garrett Richards
596117,Garrett Stubbs
676477,Garrett Whitlock
596142,Gary Sanchez
608325,Gavin Cecchini
425856,Gavin Floyd
666158,Gavin Lux
657757,Gavin Sheets
650893,Genesis Cabrera
664129,Geoff Hartlieb
502004,George Kontos
543807,George Springer
434567,Geovany Soto
408042,Gerald Laird
672695,Geraldo Perdomo
615868,Gerardo Concepcion
467827,Gerardo Parra
622103,Gerardo Reyes
608566,German Marquez
543037,Gerrit Cole
639373,Gerson Bautista
519317,Giancarlo Stanton
547912,Gift Ngoepe
665482,Gilberto Celestino
570482,Gio Urshela
543803,Giovanni Soto
606149,Giovanny Gallegos
450282,Glen Perkins
657248,Glenn Otto
650402,Gleyber Torres
542674,Gonzalez Germen
493596,Gordon Beckham
491676,Gorkys Hernandez
429713,Grady Sizemore
346797,Grant Balfour
594795,Grant Dayton
502205,Grant Green
606988,Grayson Greiner
656185,Greg Allen
595885,Greg Bird
656364,Greg Deichmann
518813,Greg Holland
500872,Greg Infante
657670,Greg Mahle
453923,Gregor Blanco
463610,Gregorio Petit
570256,Gregory Polanco
666619,Gregory Santos
642397,Gregory Soto
656288,Griffin Canning
643377,Griffin Jax
605317,Guido Knudson
628338,Guillermo Heredia
474233,Hank Conger
434670,Hanley Ramirez
668968,Hans Crouse
570663,Hansel Robles
593643,Hanser Alberto
605612,Harold Castro
623912,Harold Ramirez
664056,Harrison Bader
643466,Harrison Musgrave
673490,Ha-Seong Kim
641571,Heath Fillmyer
592390,Heath Hembree
467143,Hector Gomez
593576,Hector Neris
456051,Hector Noesi
493343,Hector Olivera
516949,Hector Sanchez
502327,Hector Santiago
584171,Hector Velazquez
506693,Henderson Alvarez
596064,Henry Owens
592656,Henry Ramos
625329,Henry Urrutia
454975,Hernan Iribarren
541650,Hernan Perez
617228,Hirokazu Sawamura
547874,Hisashi Iwakuma
571948,Hoby Milner
660829,Hoy Park
660623,Huascar Ynoa
600858,Humberto Arteaga
528748,Humberto Castellanos
650668,Humberto Mejia
543017,Hunter Cervenka
641531,Hunter Dozier
640451,Hunter Harvey
670462,Hunter Owen
592669,Hunter Renfroe
519326,Hunter Strickland
621056,Hunter Wood
434718,Huston Street
660365,Hyeon-jong Yang
547943,Hyun Jin Ryu
547957,Hyun Soo Kim
666120,Ian Anderson
435622,Ian Desmond
664139,Ian Gibaut
641656,Ian Hamilton
664023,Ian Happ
453178,Ian Kennedy
435079,Ian Kinsler
571871,Ian Krol
622210,Ian Parmley
621962,Ian Thomas
400085,Ichiro Suzuki
477195,Ike Davis
545121,Ildemaro Vargas
543194,Isaac Galloway
676755,Isaac Mattson
670623,Isaac Paredes
656371,Isan Diaz
643396,Isiah Kiner-Falefa
622668,Ivan Castillo
474443,Ivan De Jesus
457918,J.A. Happ
656266,J.B. Bukauskas
605525,J.B. Wendelken
650496,J.C. Mejia
500724,J.C. Ramirez
605204,J.D. Davis
670456,J.D. Hammer
502110,J.D. Martinez
429666,J.J. Hardy
543331,J.J. Hoover
450317,J.P. Arencibia
641487,J.P. Crawford
656420,J.P. Feyereisen
434442,J.P. Howell
543242,J.R. Graham
608638,J.T. Chargois
592663,J.T. Realmuto
518466,Jabari Blash
605240,Jace Fry
607054,Jace Peterson
656427,Jack Flaherty
667674,Jack Kruger
605333,Jack Leathersich
605346,Jack Lopez
608686,Jack Mayfield
595373,Jack Reinheimer
598265,Jackie Bradley
640449,Jackson Frazier
663804,Jackson Kowar
623451,Jackson Stephens
519425,Jackson Williams
606930,Jacob Barnes
594798,Jacob deGrom
595238,Jacob Hannemann
605338,Jacob Lindgren
594576,Jacob May
656798,Jacob Nix
641924,Jacob Nottingham
642008,Jacob Rhame
615699,Jacob Robson
607732,Jacob Stallings
545363,Jacob Turner
657097,Jacob Webb
607111,Jacob Wilson
453056,Jacoby Ellsbury
592444,JaCoby Jones
666561,Jae-gyun Hwang
543094,Jaff Decker
663330,Jahmai Jones
642545,Jaime Barria
448802,Jaime Garcia
621289,Jaime Schultz
607951,Jairo Labourt
453562,Jake Arrieta
545332,Jake Barrett
641343,Jake Bauers
641394,Jake Brentz
502010,Jake Brigham
594772,Jake Buchanan
669394,Jake Burger
595909,Jake Cave
664776,Jake Cousins
630105,Jake Cronenworth
518617,Jake Diekman
518653,Jake Elmore
605222,Jake Esch
607188,Jake Faria
641584,Jake Fraley
606993,Jake Hager
657228,Jake Jewell
571875,Jake Lamb
656641,Jake Latz
545350,Jake Marisnick
664983,Jake McCarthy
459429,Jake McGee
676694,Jake Meyers
623470,Jake Newberry
543606,Jake Odorizzi
408241,Jake Peavy
502593,Jake Petricka
596082,Jake Reed
668670,Jake Rogers
607727,Jake Smith
519295,Jake Smolinski
622097,Jake Thompson
663765,Jake Woodford
596001,Jakob Junis
656883,Jakson Reetz
656222,Jalen Beeks
503437,James Beresford
624586,James Hoyt
571825,James Jones
621076,James Kaprielian
675916,James Karinchak
425766,James Loney
621086,James Marvel
543510,James McCann
656803,James Norwood
572020,James Paxton
460701,James Russell
642073,James Sherfy
448306,James Shields
592791,Jameson Taillon
621094,Jamie Callahan
457449,Jamie Romak
594311,Jandel Gustave
676083,Janson Junk
592419,Jared Hoying
666931,Jared Oliva
665120,Jared Walsh
606424,Jarlin Garcia
543054,Jarred Cosart
672284,Jarred Kelenic
680776,Jarren Duran
592620,Jarrett Parker
502481,Jarrod Dyson
457454,Jarrod Saltalamacchia
592094,Jason Adam
430652,Jason Bourgeois
488771,Jason Castro
605183,Jason Coats
671345,Jason Foley
430630,Jason Frasor
592329,Jason Garcia
276351,Jason Grilli
543261,Jason Gurka
434628,Jason Hammel
518792,Jason Heyward
592422,Jason Hursh
150302,Jason Marquis
641829,Jason Martin
435400,Jason Motte
445095,Jason Pridie
595386,Jason Rogers
450306,Jason Vargas
613564,Jason Vosler
605528,Jason Wheeler
595879,Javier Baez
425657,Javier Lopez
642770,Javy Guerra
457915,Javy Guerra
457803,Jay Bruce
664852,Jay Flaa
543351,Jay Jackson
595144,Jaycob Brugman
664041,Jaylin Davis
593969,Jayson Aquino
150029,Jayson Werth
665862,Jazz Chisholm
543776,JB Shuck
466948,Jean Machi
516416,Jean Segura
491646,Jeanmar Gomez
605152,Jed Bradley
476704,Jed Lowrie
425557,Jeff Baker
542924,Jeff Beliveau
488703,Jeff Bianchi
656257,Jeff Brigham
594815,Jeff Ferrell
433585,Jeff Francis
425796,Jeff Francoeur
656546,Jeff Hoffman
502046,Jeff Locke
453249,Jeff Manship
425772,Jeff Mathis
643446,Jeff McNeil
605488,Jeffrey Springs
527043,Jefry Marte
622446,Jefry Rodriguez
600869,Jeimer Candelario
457789,Jemile Weeks
627500,Jen-Ho Tseng
516769,Jenrry Mejia
595191,Jerad Eickhoff
450308,Jered Weaver
346793,Jeremy Affeldt
676886,Jeremy Beasley
542946,Jeremy Bleich
425386,Jeremy Guthrie
571757,Jeremy Hazelbaker
476451,Jeremy Hellickson
668683,Jeremy Walker
425532,Jerome Williams
460283,Jerry Blevins
543742,Jerry Sands
657786,Jerry Vasto
592279,Jesen Therrien
621044,Jesmuel Valentin
592145,Jesse Biddle
445926,Jesse Chavez
534910,Jesse Hahn
608385,Jesse Winker
542583,Jesus Aguilar
672911,Jesus Cruz
666200,Jesus Luzardo
524968,Jesus Montero
660875,Jesus Reyes
660821,Jesus Sanchez
491696,Jesus Sucre
622786,Jesus Tinoco
542908,Jett Bandy
544727,Jeurys Familia
501697,Jhan Marinez
605194,Jharel Cotton
664584,Jhon Romero
500207,Jhonatan Solano
646242,Jhonathan Diaz
425509,Jhonny Peralta
468504,Jhoulys Chacin
451192,Jim Adduci
449104,Jim Henderson
462382,Jim Johnson
596847,Ji-Man Choi
623474,Jimmy Herget
669424,Jimmy Lambert
519076,Jimmy Nelson
517370,Jimmy Paredes
276519,Jimmy Rollins
642231,Jimmy Yacabonis
666176,Jo Adell
465657,Joakim Soria
672851,Joan Adon
435078,Joaquin Arias
276542,Joaquin Benoit
501955,Joba Chamberlain
592626,Joc Pederson
669618,Joe Barlow
346847,Joe Beimel
607352,Joe Biagini
430599,Joe Blanton
571572,Joe Colon
641729,Joe Jimenez
523260,Joe Kelly
573009,Joe Mantiply
408045,Joe Mauer
605397,Joe Musgrove
150274,Joe Nathan
605412,Joe Panik
605452,Joe Ross
657746,Joe Ryan
501925,Joe Smith
491159,Joe Thatcher
543921,Joe Wieland
503444,Joel De La Cruz
669270,Joel Kuhnel
606303,Joel Payamps
407908,Joel Peralta
570257,Joely Rodriguez
663698,Joey Bart
542994,Joey Butler
608336,Joey Gallo
607216,Joey Krehbiel
664192,Joey Lucchesi
519345,Joey Terdoslavich
458015,Joey Votto
621563,Joey Wendle
622666,Johan Camargo
670912,Johan Oviedo
607430,John Andreoli
446099,John Axford
657524,John Bormann
605154,John Brebbia
607405,John Cornely
595928,John Curtiss
433579,John Danks
607231,John Gant
543308,John Hicks
444379,John Jaso
667463,John King
407793,John Lackey
543424,John Lamb
460055,John Mayberry
607644,John Means
596056,John Nogowski
670167,John Schreiber
641561,Johneshwy Fargas
592127,Johnny Barbato
456501,Johnny Cueto
643275,Johnny Davis
608654,Johnny Field
543213,Johnny Giavotella
476192,Johnny Monell
457456,Jo-Jo Reyes
668941,JoJo Romero
542932,Jon Berti
641541,Jon Duplantier
457754,Jon Edwards
592351,Jon Gray
445055,Jon Jay
452657,Jon Lester
621209,Jon Moscot
572138,Jon Singleton
641680,Jonah Heim
660620,Jonathan Arauz
608167,Jonathan Aro
455009,Jonathan Broxton
641505,Jonathan Davis
502409,Jonathan Diaz
669169,Jonathan Heasley
642546,Jonathan Hernandez
468406,Jonathan Herrera
663697,Jonathan India
642528,Jonathan Loaisiga
518960,Jonathan Lucroy
449097,Jonathan Papelbon
570731,Jonathan Schoop
680692,Jonathan Stiever
542340,Jonathan Villar
477003,Jonathon Niese
430404,Jonny Gomes
458924,Jonny Venters
458668,Jordan Danks
663855,Jordan Hicks
656548,Jordan Holloway
543357,Jordan Jankowski
656669,Jordan Luplow
543475,Jordan Lyles
656756,Jordan Montgomery
457574,Jordan Pacheco
641958,Jordan Patterson
605447,Jordan Romano
457788,Jordan Schafer
642068,Jordan Sheffield
477229,Jordan Walden
607179,Jordan Weems
657141,Jordan Yamamoto
519455,Jordan Zimmermann
518170,Jordany Valdespin
474568,Jordy Mercer
660896,Jorge Alcala
595751,Jorge Alfaro
593528,Jorge Bonifacio
407822,Jorge De La Rosa
660422,Jorge Guzman
605347,Jorge Lopez
622761,Jorge Mateo
593871,Jorge Polanco
504083,Jorge Rondon
624585,Jorge Soler
547989,Jose Abreu
514888,Jose Altuve
621237,Jose Alvarado
501625,Jose Alvarez
676480,Jose Barrero
430832,Jose Bautista
621244,Jose Berrios
620454,Jose Castillo
542585,Jose Cisnero
592254,Jose De Leon
517059,Jose De Paula
672701,Jose Devers
523848,Jose Dominguez
622774,Jose Fernandez
605228,Jose Fernandez
628336,Jose Fernandez
608422,Jose Godoy
578428,Jose Iglesias
600917,Jose Leclerc
446653,Jose Lobaton
592530,Jose Marmolejos
665896,Jose Marte
606299,Jose Peraza
517369,Jose Pirela
650671,Jose Quijada
500779,Jose Quintana
542432,Jose Ramirez
608070,Jose Ramirez
408314,Jose Reyes
670351,Jose Rojas
602922,Jose Rondon
614179,Jose Ruiz
642350,Jose Siri
660761,Jose Suarez
467798,Jose Tabata
600526,Jose Torres
624431,Jose Trevino
570632,Jose Urena
664353,Jose Urquidy
572308,Jose Valdez
641929,Joseph Odom
605137,Josh Bell
518567,Josh Collmenter
518626,Josh Donaldson
572831,Josh Edgin
451661,Josh Fields
676596,Josh Fleming
623352,Josh Hader
285078,Josh Hamilton
543281,Josh Harrison
657624,Josh James
458676,Josh Lindblom
666139,Josh Lowe
572998,Josh Lucas
647304,Josh Naylor
592612,Josh Osich
641943,Josh Palacios
502051,Josh Ravin
502210,Josh Reddick
642028,Josh Rogers
668942,Josh Rojas
592710,Josh Rutledge
622250,Josh Sborz
519294,Josh Smoker
622251,Josh Staumont
657031,Josh Taylor
489365,Josh Thole
458708,Josh Tomlin
642165,Josh VanMeter
425543,Josh Wilson
658069,Joshua Fuentes
680686,Josiah Gray
500887,Josmil Pinto
663558,Jovani Moran
664141,JT Brubaker
595375,JT Riddle
518542,Juan Centeno
492802,Juan Graterol
462089,Juan Jaime
501571,Juan Lagares
573668,Juan Minaya
543633,Juan Perez
665742,Juan Soto
346874,Juan Uribe
642759,Julian Fernandez
657240,Julian Merryweather
474865,Julio Borbon
527054,Julio Teheran
628711,Julio Urias
471822,Jumbo Diaz
628356,Jung Ho Kang
547749,Junichi Tazawa
578570,Juniel Querecuto
658551,Junior Fernandez
448855,Junior Guerra
516809,Junior Lake
595777,Jurickson Profar
605121,Justin Anderson
571506,Justin Bour
677865,Justin Bruihl
518603,Justin De Fratus
643290,Justin Dunn
621057,Justin Garza
518748,Justin Grimm
595234,Justin Haley
606995,Justin Hancock
664875,Justin Lawrence
476123,Justin Marks
475416,Justin Masterson
452239,Justin Maxwell
502522,Justin Miller
408047,Justin Morneau
592593,Justin Nicolino
448605,Justin Ruggiano
657006,Justin Steele
623437,Justin Topa
457759,Justin Turner
457708,Justin Upton
434378,Justin Verlander
642211,Justin Williams
458677,Justin Wilson
656954,Justus Sheffield
664789,Ka'ai Tom
592230,Kaleb Cowart
672391,Kaleb Ort
628318,Kazuhisa Makita
642221,Kean Wong
663647,Ke'Bryan Hayes
669211,Keegan Akin
624522,Keegan Thompson
660688,Keibert Ruiz
594857,Keith Hessler
605509,Kelby Tomlinson
430637,Kelly Johnson
642721,Kelvin Gutierrez
517629,Kelvin Marte
571704,Ken Giles
608665,Kendall Graveman
572309,Kendry Flores
434778,Kendrys Morales
445276,Kenley Jansen
594977,Kenny Roberts
573627,Kennys Vargas
592288,Kent Emanuel
628317,Kenta Maeda
542979,Keon Broxton
605309,Keone Kela
665645,Kervin Castro
669374,Keston Hiura
606466,Ketel Marte
622492,Keury Mella
607345,Kevan Smith
502087,Kevin Chapman
429781,Kevin Correia
435623,Kevin Frandsen
592332,Kevin Gausman
656464,Kevin Ginkel
276514,Kevin Gregg
448178,Kevin Jepsen
664842,Kevin Kaczmarski
595281,Kevin Kiermaier
596012,Kevin Kramer
641850,Kevin McGowan
621028,Kevin Newman
656821,Kevin Padlo
607680,Kevin Pillar
608700,Kevin Plawecki
534812,Kevin Quackenbush
594992,Kevin Shackelford
543779,Kevin Siegrist
675656,Kevin Smith
641871,Keynan Middleton
572102,Keyvius Sampson
666137,Khalil Lee
501981,Khris Davis
669912,Kirby Snead
489446,Kirby Yates
543590,Kirk Nieuwenhuis
606983,Koda Glover
676831,Kodi Whitley
685503,Kohei Arihara
640464,Kohl Stewart
493157,Koji Uehara
663465,Kolby Allard
594777,Kole Calhoun
543939,Kolten Wong
592831,Konner Wade
592178,Kris Bryant
663460,Kris Bubic
450665,Kris Medlen
502117,Kristopher Negron
435559,Kurt Suzuki
676710,Kutter Crawford
547942,Kwang Hyun Kim
607457,Kyle Barraclough
613317,Kyle Bird
452035,Kyle Blanks
621129,Kyle Cody
605195,Kyle Crick
641490,Kyle Crockett
434678,Kyle Davies
675971,Kyle Dohy
664871,Kyle Dowdy
475138,Kyle Drabek
571657,Kyle Farmer
640448,Kyle Finnegan
607536,Kyle Freeland
608335,Kyle Funkhouser
664247,Kyle Garlick
502043,Kyle Gibson
543294,Kyle Hendricks
543309,Kyle Higashioka
664728,Kyle Isbel
571812,Kyle Jensen
664918,Kyle Keller
452718,Kyle Kendrick
605323,Kyle Kubitza
641786,Kyle Lewis
643414,Kyle Lloyd
543456,Kyle Lobstein
346798,Kyle Lohse
573016,Kyle Martin
641851,Kyle McGowin
657681,Kyle McGrath
666205,Kyle Muller
669459,Kyle Nelson
592621,Kyle Parker
594986,Kyle Ryan
656941,Kyle Schwarber
572122,Kyle Seager
663656,Kyle Tucker
667725,Kyle Tyler
592835,Kyle Waldrop
657140,Kyle Wright
622092,Kyle Zimmer
493117,Kyuji Fujikawa
543321,L. J. Hoes
664774,LaMonte Wade
458681,Lance Lynn
621121,Lance McCullers
572669,Lane Adams
657041,Lane Thomas
663457,Lars Nootbaar
115629,LaTroy Hawkins
643550,Layne Somsen
665750,Leody Taveras
599998,Leonel Campos
547982,Leonys Martin
544725,Leury Garcia
650331,Lewin Diaz
621446,Lewis Brinson
626929,Lewis Thorpe
521230,Liam Hendriks
570810,Lisalverto Bonilla
664714,Ljay Newsome
657766,Locke St. John
663531,Logan Allen
669302,Logan Gilbert
434137,Logan Kensing
446185,Logan Ondrusek
502582,Logan Schafer
548337,Logan Verrett
657277,Logan Webb
502082,Lonnie Chisenhall
456715,Lorenzo Cain
642152,Lou Trivino
488786,Louis Coleman
545343,Louis Head
666971,Lourdes Gurriel
446263,Lucas Duda
656458,Lucas Gilbreath
608337,Lucas Giolito
449173,Lucas Harrell
476595,Lucas Luetge
608371,Lucas Sims
650333,Luis Arraez
501593,Luis Avilan
642456,Luis Barrera
669134,Luis Campusano
622491,Luis Castillo
570666,Luis Cessa
650813,Luis Escobar
666818,Luis Frias
671277,Luis Garcia
677651,Luis Garcia
472610,Luis Garcia
661563,Luis Gil
670768,Luis Gonzalez
641645,Luis Guillorme
499864,Luis Jimenez
650347,Luis Madero
606336,Luis Marte
656814,Luis Ortiz
665854,Luis Oviedo
672715,Luis Patino
606131,Luis Perdomo
650859,Luis Rengifo
673357,Luis Robert
608601,Luis Santos
596143,Luis Sardinas
622663,Luis Severino
620443,Luis Torrens
649966,Luis Urias
472528,Luis Valbuena
627894,Luiz Gohara
572703,Luke Bard
608652,Luke Farrell
502381,Luke Gregerson
460024,Luke Hochevar
592426,Luke Jackson
571912,Luke Maile
670042,Luke Raley
572228,Luke Voit
596133,Luke Weaver
663897,Luke Williams
669135,Mac Sceroler
607776,Mac Williamson
518516,Madison Bumgarner
572283,Madison Younginer
642423,Magneuris Sierra
596748,Maikel Franco
544365,Manny Banuelos
518435,Manny Barreda
592518,Manny Machado
448159,Manny Parra
444489,Manny Pina
622534,Manuel Margot
655889,Manuel Rodriguez
571868,Marc Krauss
519240,Marc Rzepczynski
542303,Marcell Ozuna
462136,Marco Estrada
594835,Marco Gonzales
593523,Marco Hernandez
650959,Marcos Diplan
456496,Marcos Mateo
502281,Marcus Hatley
543760,Marcus Semien
573186,Marcus Stroman
666128,Mario Feliciano
279824,Mark Buehrle
592192,Mark Canha
643410,Mark Leiter
450275,Mark Lowe
664029,Mark Mathias
453343,Mark Melancon
592622,Mark Payton
448602,Mark Reynolds
407893,Mark Teixeira
444432,Mark Trumbo
657145,Mark Zagunis
407781,Marlon Byrd
455117,Martin Maldonado
527048,Martin Perez
445988,Martin Prado
503556,Marwin Gonzalez
666168,Mason Thompson
592863,Mason Williams
502009,Mat Latos
571431,Matt Adams
458006,Matt Albers
542882,Matt Andriese
598264,Matt Barnes
607461,Matt Beaty
279571,Matt Belisle
571510,Matt Boyd
501936,Matt Buschmann
456713,Matt Bush
430912,Matt Cain
571539,Matt Carasiti
572761,Matt Carpenter
656305,Matt Chapman
571602,Matt Davidson
544925,Matt den Dekker
571616,Matt Dermody
518625,Matt Dominguez
592274,Matt Duffy
622110,Matt Duffy
670036,Matt Festa
641582,Matt Foster
490063,Matt Garza
518755,Matt Hague
457448,Matt Harrison
518774,Matt Harvey
407812,Matt Holliday
459964,Matt Joyce
571863,Matt Koch
666159,Matt Manning
621408,Matt Marksberry
473724,Matt McBride
519043,Matt Moore
621566,Matt Olson
676840,Matt Peacock
545357,Matt Purke
543677,Matt Ramsey
519186,Matt Reynolds
608703,Matt Reynolds
533167,Matt Shoemaker
605474,Matt Skole
592781,Matt Stites
621381,Matt Strahm
519333,Matt Szczur
642136,Matt Thaiss
407819,Matt Thornton
595441,Matt Tracy
449168,Matt Tuiasosopo
663837,Matt Vierling
519411,Matt West
605538,Matt Wisler
642226,Matt Wotherspoon
621199,Matthew Bowman
606291,Mauricio Cabrera
643289,Mauricio Dubon
661440,Mauricio Llovera
608331,Max Fried
596146,Max Kepler
668820,Max Kranick
621559,Max Moroff
571970,Max Muncy
605428,Max Povse
453286,Max Scherzer
621011,Max Schrock
545358,Max Stassi
515052,Mayckol Guaipe
650619,Meibrys Viloria
466320,Melky Cabrera
642571,Merandy Gonzalez
518876,Merrill Kelly
608672,Micah Johnson
518468,Michael Blazek
456422,Michael Bourn
572728,Michael Brady
488726,Michael Brantley
656308,Michael Chavis
574831,Michael Choice
624424,Michael Conforto
150212,Michael Cuddyer
593140,Michael Feliz
605242,Michael Fulmer
641684,Michael Hermosillo
457779,Michael Kirkman
543409,Michael Kohn
656629,Michael Kopech
547179,Michael Lorenzen
592527,Michael Mariot
492841,Michael Martinez
502374,Michael McKenry
605421,Michael Perez
501381,Michael Pineda
605439,Michael Reed
607706,Michael Roth
621074,Michael Rucker
459431,Michael Saunders
572191,Michael Taylor
543859,Michael Tonkin
608379,Michael Wacha
573589,Michael Ynoa
673258,Michel Baez
595263,Mickey Jannis
666160,Mickey Moniak
620396,Miguel Aguilar
602083,Miguel Almonte
609280,Miguel Andujar
408234,Miguel Cabrera
612434,Miguel Castro
600887,Miguel Del Pozo
622766,Miguel Diaz
622497,Miguel Gomez
456068,Miguel Gonzalez
471083,Miguel Montero
500743,Miguel Rojas
667376,Miguel Sanchez
593934,Miguel Sano
462515,Miguel Socolovich
664337,Miguel Yajure
449107,Mike Aviles
657508,Mike Baumann
488689,Mike Baxter
502211,Mike Bolsinger
458678,Mike Broadway
670712,Mike Brosseau
605182,Mike Clevinger
445197,Mike Dunn
571666,Mike Fiers
592314,Mike Foltynewicz
645801,Mike Ford
502273,Mike Freeman
595222,Mike Gerber
623434,Mike Hauschild
592464,Mike Kickham
650633,Mike King
502190,Mike Leake
605357,Mike Marjama
594577,Mike Mayers
623166,Mike Miller
501985,Mike Minor
434604,Mike Morse
519058,Mike Moustakas
435063,Mike Napoli
572000,Mike Ohlman
592609,Mike Olt
460059,Mike Pelfrey
642067,Mike Shawaryn
643565,Mike Tauchman
545361,Mike Trout
605541,Mike Wright
573262,Mike Yastrzemski
489448,Mike Zagurski
572287,Mike Zunino
543484,Mikie Mahtook
571945,Miles Mikolas
641598,Mitch Garver
571745,Mitch Haniger
518771,Mitch Harris
656605,Mitch Keller
519048,Mitch Moreland
605520,Mitch Walding
669952,Mitch White
501213,Moises Sierra
657566,Montana DuRapau
656509,Monte Harrison
605141,Mookie Betts
493128,Munenori Kawasaki
573166,Murphy Smith
571710,Mychal Givens
594867,Myles Jaye
664702,Myles Straw
622503,Nabil Crismatt
518858,Nate Jones
501992,Nate Karns
663878,Nate Pearson
502264,Nathan Adcock
543135,Nathan Eovaldi
663993,Nathaniel Lowe
425840,Neal Cotts
596331,Nefi Ogando
491703,Neftali Feliz
519166,Neil Ramirez
443558,Nelson Cruz
641482,Nestor Cortes
502213,Nevin Ashley
605113,Nick Ahmed
680430,Nick Allgeyer
623433,Nick Anderson
502544,Nick Buss
592206,Nick Castellanos
624419,Nick Ciuffo
664926,Nick Dini
663743,Nick Fortes
545338,Nick Franklin
643320,Nick Gardewine
624503,Nick Gordon
572889,Nick Greenwood
444935,Nick Hagadone
670084,Nick Heath
460026,Nick Hundley
592468,Nick Kingham
663611,Nick Madrigal
676606,Nick Margevicius
607259,Nick Martinez
605361,Nick Martini
434665,Nick Masset
665155,Nick Maton
683232,Nick Mears
663734,Nick Neidert
656793,Nick Nelson
519082,Nick Noonan
601713,Nick Pivetta
598286,Nick Ramirez
592705,Nick Rumbelow
680704,Nick Sandlin
669222,Nick Senzel
669256,Nick Solak
430897,Nick Swisher
519344,Nick Tepesch
607374,Nick Tropeano
543883,Nick Vincent
608384,Nick Williams
621295,Nick Wittgren
676766,Nicklaus Snyder
670032,Nicky Lopez
663538,Nico Hoerner
592348,Niko Goodrum
670550,Nivaldo Rodriguez
592789,Noah Syndergaard
598287,Noe Ramirez
571595,Noel Cuevas
571448,Nolan Arenado
545337,Nolan Fontana
460099,Nolan Reimold
608577,Nomar Mazara
493114,Nori Aoki
628333,Odrisamer Despaigne
546318,Odubel Herrera
607297,O'Koyea Dickson
661383,Oliver Ortega
424144,Oliver Perez
408299,Omar Infante
553882,Omar Narvaez
665833,Oneil Cruz
607162,Onelki Garcia
606115,Orlando Arcia
593525,Orlando Calixte
640458,Oscar Mercado
591672,Osmer Morales
542455,Oswaldo Arcia
672640,Otto Lopez
680911,Owen Miller
645277,Ozzie Albies
664869,P. J. Conlon
664731,P. J. Higgins
641154,Pablo Lopez
622569,Pablo Reyes
467055,Pablo Sandoval
676050,Packy Naughton
572089,Paco Rodriguez
502179,Paolo Espino
592170,Parker Bridwell
571917,Parker Markel
534737,Pat Dean
572990,Pat Light
450212,Pat Neshek
642162,Pat Valaika
571578,Patrick Corbin
623182,Patrick Kivlehan
664850,Patrick Mazeika
641907,Patrick Murphy
663776,Patrick Sandoval
572119,Patrick Schuster
622256,Patrick Weigel
621550,Patrick Wisdom
621112,Paul Blackburn
669294,Paul Campbell
518560,Paul Clemens
657557,Paul DeJong
643316,Paul Fry
502671,Paul Goldschmidt
457926,Paul Janish
623149,Paul Sewald
449181,Paulo Orlando
656976,Pavin Smith
668721,Payton Henry
476883,Pedro Alvarez
606478,Pedro Araujo
658648,Pedro Avila
520980,Pedro Baez
474039,Pedro Beato
465674,Pedro Ciriaco
465753,Pedro Florimon
622797,Pedro Payano
600474,Pedro Severino
467008,Pedro Strop
543881,Pedro Villarreal
592330,Perci Garner
624413,Pete Alonso
664126,Pete Fairbanks
518902,Pete Kozma
488721,Peter Bourjos
663567,Peter Lambert
493247,Peter Moylan
598284,Peter O'Brien
656981,Peter Solomon
641360,Phil Bickford
457435,Phil Coke
461833,Phil Hughes
607309,Phil Klein
664208,Phil Maton
594838,Philip Gosselin
670426,Phillip Diehl
595943,Phillip Evans
518418,Phillippe Aumont
570488,Phillips Valdez
572955,Pierce Johnson
502011,Preston Claiborne
543258,Preston Guilmet
605512,Preston Tucker
425902,Prince Fielder
450641,Quintin Berry
285079,R.A. Dickey
595798,R.J. Alaniz
571439,R.J. Alvarez
467785,Radhames Liz
622441,Rafael Bautista
429783,Rafael Betancourt
646240,Rafael Devers
503569,Rafael Dolis
607257,Rafael Lopez
665561,Rafael Marchan
514669,Rafael Martin
606160,Rafael Montero
542364,Rafael Ortega
400089,Rafael Soriano
501255,Rafael Ynoa
606132,Raimel Tapia
628452,Raisel Iglesias
434658,Rajai Davis
621248,Ralph Garza
455369,Ramiro Pena
541608,Ramon Cabrera
570717,Ramon Flores
657656,Ramon Laureano
665759,Ramon Rosso
593527,Ramon Torres
602104,Ramon Urias
545341,Randal Grichuk
517414,Randall Delgado
668227,Randy Arozarena
329092,Randy Choate
677976,Randy Dobnak
150116,Randy Wolf
624133,Ranger Suarez
612272,Raudel Lazo
600466,Raudy Read
593417,Raul Alcantara
642659,Raynel Espinal
657585,Reed Garrett
407862,Reed Johnson
624512,Reese McGuire
458582,Reid Brignac
672282,Reid Detmers
663753,Reiss Knehr
665665,Reiver Sanmartin
600524,Renato Nunez
425784,Rene Rivera
571521,Rex Brothers
571681,Rey Fuentes
519071,Rey Navarro
606625,Reyes Moronta
594056,Reymin Guduan
625643,Reynaldo Lopez
462480,Rhiner Cruz
656555,Rhys Hoskins
620982,Ricardo Pinto
600965,Ricardo Rodriguez
448179,Rich Hill
542947,Richard Bleier
663992,Richard Lovelady
593144,Richard Rodriguez
620446,Richard Urena
621006,Richie Martin
572128,Richie Shaffer
430001,Rickie Weeks
445060,Ricky Nolasco
670329,Rico Garcia
592596,Rico Noel
656180,Riley Adams
676617,Riley O'Brien
642092,Riley Smith
547004,Rio Ruiz
672710,Roansy Contreras
542963,Rob Brantly
519169,Rob Rasmussen
608701,Rob Refsnyder
543746,Rob Scahill
574847,Rob Segedin
543942,Rob Wooten
642239,Rob Zastryzny
572362,Robbie Erlin
543257,Robbie Grossman
592662,Robbie Ray
543726,Robbie Ross
582494,Robby Scott
596825,Robel Garcia
435180,Robert Andino
667498,Robert Dugger
607229,Robert Gsellman
596112,Robert Stephenson
476594,Robert Stock
547007,Robert Whalen
596816,Roberto Gomez
433584,Roberto Hernandez
547379,Roberto Perez
429664,Robinson Cano
455139,Robinson Chirinos
502570,Rocky Gale
666801,Rodolfo Castro
641995,Roel Ramirez
606273,Roenis Elias
660494,Rogelio Armenteros
542669,Roman Mendez
596451,Roman Quinn
663853,Romy Gonzalez
660670,Ronald Acuna
430613,Ronald Belisario
671790,Ronald Bolanos
608597,Ronald Guzman
622703,Ronald Herrera
591720,Ronald Torreyes
669008,Ronnie Dawson
500135,Ronny Rodriguez
665621,Rony Garcia
606959,Rookie Davis
594011,Rosell Herrera
446321,Ross Detwiler
456027,Ross Ohlendorf
548389,Ross Stripling
596059,Rougned Odor
592858,Rowan Wick
642133,Rowdy Tellez
523989,Rubby De La Rosa
514913,Ruben Tejada
628329,Rusney Castillo
431145,Russell Martin
621366,Ryan Borucki
518489,Ryan Brasier
592166,Ryan Brett
488748,Ryan Buchter
621114,Ryan Burr
543001,Ryan Carpenter
624418,Ryan Castellani
475857,Ryan Cook
606956,Ryan Court
676900,Ryan Dorow
623430,Ryan Dull
592280,Ryan Eades
456387,Ryan Feierabend
663372,Ryan Feltner
475247,Ryan Flaherty
623439,Ryan Garton
452672,Ryan Hanigan
670057,Ryan Hartman
664854,Ryan Helsley
641682,Ryan Hendrix
429667,Ryan Howard
474249,Ryan Jackson
680777,Ryan Jeffers
501888,Ryan Kalish
502462,Ryan Kelly
534606,Ryan LaMarre
543432,Ryan Lavarnway
489067,Ryan Lollis
425492,Ryan Madson
458919,Ryan Mattheus
643436,Ryan McBroom
663630,Ryan McKenna
641857,Ryan McMahon
664682,Ryan Meisinger
607320,Ryan Merritt
663624,Ryan Mountcastle
656811,Ryan O'Hearn
594951,Ryan O'Rourke
519151,Ryan Pressly
430605,Ryan Raburn
607387,Ryan Rua
572114,Ryan Schimpf
595411,Ryan Sherriff
595005,Ryan Strausborger
572193,Ryan Tepera
657044,Ryan Thompson
668723,Ryan Vilade
285064,Ryan Vogelsong
677960,Ryan Weathers
444436,Ryan Webb
543901,Ryan Weber
642232,Ryan Yarbrough
475582,Ryan Zimmerman
624507,Ryder Jones
542642,Rymer Liriano
607560,Ryne Harper
592773,Ryne Stanek
607219,Sal Romano
521692,Salvador Perez
621348,Sam Clay
656322,Sam Coonrod
465679,Sam Deduno
473879,Sam Dyson
453539,Sam Fuld
664059,Sam Haggerty
656529,Sam Hentges
656541,Sam Hilliard
607572,Sam Howard
669087,Sam Huff
459967,Sam LeCure
669674,Sam Long
594580,Sam Moll
572125,Sam Selman
607752,Sam Travis
592815,Sam Tuivailala
519301,Sammy Solis
645261,Sandy Alcantara
622783,Sandy Baez
506702,Sandy Leon
433586,Santiago Casilla
669289,Santiago Espinal
571697,Scooter Gennett
518397,Scott Alexander
425786,Scott Atchison
435044,Scott Baker
605130,Scott Barlow
656240,Scott Blewett
453222,Scott Carroll
571577,Scott Copeland
539438,Scott Diamond
664123,Scott Effross
444857,Scott Feldman
595981,Scott Heineman
656568,Scott Hurst
431148,Scott Kazmir
664068,Scott Kingery
543518,Scott McGough
623184,Scott Oberg
594988,Scott Schebler
475100,Scott Van Slyke
430634,Sean Burnett
448281,Sean Doolittle
674944,Sean Guenther
453527,Sean Kazmar
640455,Sean Manaea
669221,Sean Murphy
656794,Sean Newcomb
543594,Sean Nolin
457711,Sean O'Sullivan
664092,Sean Poppen
656887,Sean Reid-Foley
665861,Sebastian Rivero
664874,Seby Zavala
622554,Seranthony Dominguez
642727,Sergio Alcantara
489265,Sergio Romo
435045,Sergio Santos
666179,Seth Beer
664913,Seth Brown
676220,Seth Elledge
571676,Seth Frankoff
607625,Seth Lugo
595307,Seth Maness
661527,Seth Martinez
623180,Seth Mejias-Brean
519229,Seth Rosin
452234,Seth Smith
493200,Seunghwan Oh
605894,Severino Gonzalez
623406,Shae Simmons
669358,Shane Baz
669456,Shane Bieber
641438,Shane Carle
572888,Shane Greene
663556,Shane McClanahan
451089,Shane Peterson
453203,Shane Robinson
425664,Shane Victorino
641312,Shaun Anderson
451788,Shaun Marcum
542888,Shawn Armstrong
518875,Shawn Kelley
596049,Shawn Morimando
502523,Shawn O'Malley
474521,Shawn Tolleson
665661,Shea Spitzbarth
643418,Shed Long
571946,Shelby Miller
641914,Sheldon Neuse
582473,Sherman Johnson
673451,Shogo Akiyama
660271,Shohei Ohtani
611093,Silvino Bracho
501563,Simon Castro
435401,Skip Schumaker
621450,Skye Bolt
571761,Slade Heathcott
593647,Socrates Brito
543243,Sonny Gray
675921,Spencer Howard
571851,Spencer Kieboom
607359,Spencer Patton
675911,Spencer Strider
605513,Spencer Turnbull
657093,Spenser Watkins
516770,Starlin Castro
516782,Starling Marte
592233,Stefan Crichton
552662,Stefen Romero
506924,Stephen Cardullo
452220,Stephen Drew
624427,Stephen Gonsalves
668665,Stephen Nogosek
572039,Stephen Piscotty
670050,Stephen Ridings
544931,Stephen Strasburg
605501,Stephen Tarpley
519390,Stephen Vogt
518553,Steve Cishek
502182,Steve Clevenger
447755,Steve Delabar
544993,Steve Geltz
643355,Steve Hathaway
489002,Steve Johnson
543459,Steve Lombardozzi
456665,Steve Pearce
592731,Steve Selsky
571467,Steven Baron
643230,Steven Brault
621453,Steven Duggar
571927,Steven Matz
570615,Steven Moya
595345,Steven Okert
519306,Steven Souza
476270,Steven Tolleson
453214,Steven Wright
592859,Stevie Wilkerson
516935,Stolmy Pimentel
656413,Stuart Fairchild
642156,Stuart Turner
516970,Sugar Ray Marimon
543334,T.J. House
519008,T.J. McFarland
608061,T.J. Rivera
643615,T.J. Zeuch
592836,Taijuan Walker
664196,Tanner Anderson
656557,Tanner Houck
663432,Tanner Rainey
543699,Tanner Roark
489294,Tanner Scheppers
656945,Tanner Scott
669373,Tarik Skubal
642048,Tayler Saucedo
605463,Tayler Scott
664199,Taylor Clarke
518566,Taylor Cole
543089,Taylor Davis
605227,Taylor Featherston
605260,Taylor Guerrieri
656494,Taylor Gushue
621368,Taylor Hearn
592398,Taylor Hill
622100,Taylor Jones
518863,Taylor Jordan
543380,Taylor Jungmann
600301,Taylor Motter
573124,Taylor Rogers
460003,Taylor Teagarden
666211,Taylor Trammell
670764,Taylor Walls
621493,Taylor Ward
642203,Taylor Widener
592865,Taylor Williams
594027,Tayron Guerrero
622088,Tejay Antone
606192,Teoscar Hernandez
605253,Terrance Gore
642731,Thairo Estrada
664045,Thomas Eshelman
474494,Thomas Field
641672,Thomas Hatch
623381,Thomas Pannone
663378,Thomas Szapucki
600986,Thyago Vieira
534947,Tim Adleman
641313,Tim Anderson
542921,Tim Beckham
525768,Tim Collins
608641,Tim Cooney
543148,Tim Federowicz
657612,Tim Hill
218596,Tim Hudson
453311,Tim Lincecum
641796,Tim Locastro
621005,Tim Lopes
641835,Tim Mayza
543532,Tim Melville
623402,Tim Peterson
431162,Tim Stauffer
670770,TJ Friedl
592239,Todd Cunningham
453943,Todd Frazier
445170,Todd Redmond
452733,Tom Gorzelanny
543408,Tom Koehler
608596,Tom Murphy
452666,Tom Wilhelmsen
621512,Tomas Nido
542513,Tomas Telis
669242,Tommy Edman
488984,Tommy Hunter
571830,Tommy Joseph
592454,Tommy Kahnle
600303,Tommy La Stella
518927,Tommy Layne
543548,Tommy Milone
667297,Tommy Nance
502054,Tommy Pham
501817,Tony Barnette
571561,Tony Cingrani
488810,Tony Cruz
664062,Tony Gonsolin
643393,Tony Kemp
573113,Tony Renda
506997,Tony Sanchez
663574,Tony Santillan
448609,Tony Sipp
453265,Tony Watson
547172,Tony Wolters
543964,Tony Zych
116338,Torii Hunter
538506,Toru Murata
657053,Touki Toussaint
664157,Travis Bergen
663905,Travis Blankenhorn
518595,Travis d'Arnaud
641513,Travis Demeritte
448170,Travis Ishikawa
608671,Travis Jankowski
664042,Travis Lakins
543768,Travis Shaw
501983,Travis Snider
607369,Travis Taijeron
502023,Travis Tartamella
475243,Travis Wood
572204,Trayce Thompson
607208,Trea Turner
623508,Trent Giambrone
663757,Trent Grisham
663423,Trent Thornton
668663,Tres Barrera
545333,Trevor Bauer
623143,Trevor Brown
502239,Trevor Cahill
641627,Trevor Gott
657610,Trevor Hildenberger
665001,Trevor Kelley
663616,Trevor Larnach
543507,Trevor May
656730,Trevor Megill
656805,Trevor Oaks
461858,Trevor Plouffe
670950,Trevor Richards
669432,Trevor Rogers
663986,Trevor Stephan
596115,Trevor Story
592866,Trevor Williams
664011,Trey Amburgey
641820,Trey Mancini
622259,Trey Wingenter
663474,Triston McKenzie
644428,Troy Scribner
657011,Troy Stokes
453064,Troy Tulowitzki
493159,Tsuyoshi Wada
571466,Tucker Barnhart
656353,Tucker Davidson
672779,Tucupita Marcano
488912,Tuffy Gosewisch
621389,Ty Blach
664034,Ty France
571841,Ty Kelly
676709,Ty Tice
641302,Tyler Alexander
542881,Tyler Anderson
592122,Tyler Austin
595881,Tyler Beede
543022,Tyler Chatwood
461325,Tyler Clippard
543031,Tyler Cloyd
607385,Tyler Collins
572788,Tyler Cravy
641501,Tyler Danish
608648,Tyler Duffey
656457,Tyler Gilbert
607192,Tyler Glasnow
595963,Tyler Goeddel
623168,Tyler Heineman
534627,Tyler Holt
663959,Tyler Ivey
641755,Tyler Kinley
502285,Tyler Ladendorf
641816,Tyler Mahle
554431,Tyler Matzek
489138,Tyler Moore
571980,Tyler Naquin
663527,Tyler Nevin
621397,Tyler Olson
641933,Tyler O'Neill
665066,Tyler Payne
543652,Tyler Pill
643511,Tyler Rogers
573135,Tyler Saladino
572140,Tyler Skaggs
642094,Tyler Smith
663886,Tyler Stephenson
573188,Tyler Sturdevant
592804,Tyler Thornburg
642180,Tyler Wade
621281,Tyler Wagner
643778,Tyler Webb
669330,Tyler Wells
643603,Tyler White
592869,Tyler Wilson
676604,Tyler Zuber
656731,Tylor Megill
592433,Tyrell Jenkins
621438,Tyrone Taylor
668338,Tyson Miller
475115,Tyson Ross
624407,Tzu-Wei Lin
434622,Ubaldo Jimenez
474699,Vance Worley
553883,Vicente Campos
622505,Victor Alcantara
644364,Victor Arano
605170,Victor Caratini
624647,Victor Gonzalez
400121,Victor Martinez
622682,Victor Reyes
645302,Victor Robles
660644,Vidal Brujan
573064,Vidal Nuno
605353,Vimael Machin
476570,Vin Mazzaro
592826,Vince Velasquez
502260,Vinnie Pestano
657697,Vinny Nittoli
665489,Vladimir Guerrero
661269,Vladimir Gutierrez
451584,Wade Davis
453281,Wade LeBlanc
489119,Wade Miley
621111,Walker Buehler
677551,Wander Franco
593833,Wander Suero
593974,Wandy Peralta
434643,Wandy Rodriguez
599683,Warwick Saupold
593590,Webster Rivas
658791,Wei-Chieh Huang
623913,Wei-Chung Wang
612672,Wei-Yin Chen
456078,Welington Castillo
605138,Wes Benjamin
641149,Wes Parsons
449079,Wesley Wright
593160,Whit Merrifield
640444,Wil Crowe
571976,Wil Myers
408242,Wil Nieves
517448,Wilfredo Boscan
541600,Wilfredo Tovar
501647,Wilin Rosario
446868,Wilkin Castillo
643269,Will Craig
501789,Will Harris
519025,Will Middlebrooks
519293,Will Smith
669257,Will Smith
461416,Will Venable
676684,Will Vest
650489,Willi Castro
661388,William Contreras
571035,William Cuevas
605301,Williams Jerez
554234,Williams Perez
553902,Willians Astudillo
217100,Willie Bloomquist
641432,Willie Calhoun
575929,Willson Contreras
642715,Willy Adames
591994,Willy Garcia
594694,Wilmer Difo
527038,Wilmer Flores
467092,Wilson Ramos
503449,Wily Peralta
621500,Wyatt Mathisen
670090,Wyatt Mills
593428,Xander Bogaerts
458584,Xavier Cedeno
489305,Xavier Scruggs
605441,Yacksel Rios
628450,Yadiel Hernandez
425877,Yadier Molina
622168,Yairo Munoz
543228,Yan Gomes
650490,Yandy Diaz
500208,Yangervis Solarte
624577,Yasiel Puig
518735,Yasmani Grandal
630111,Yasmany Tomas
570639,Yefri Perez
606162,Yefry Ramirez
622075,Yency Almonte
660546,Yennsy Diaz
606213,Yermin Mercedes
553872,Yhonathan Barrios
554340,Yimi Garcia
661255,Yoan Lopez
660162,Yoan Moncada
500721,Yoervis Medina
456071,Yohan Flande
464416,Yohan Pino
670990,Yohan Ramirez
622795,Yohander Mendez
650968,Yohel Pozo
602074,Yonathan Daza
475174,Yonder Alonso
630023,Yonny Chirinos
660634,Yonny Hernandez
670541,Yordan Alvarez
570649,Yordano Ventura
660294,Yoshi Tsutsugo
451596,Yovani Gallardo
644374,Yu Chang
506433,Yu Darvish
493329,Yuli Gurriel
488862,Yunel Escobar
579328,Yusei Kikuchi
433589,Yusmeiro Petit
657205,Zac Curtis
668678,Zac Gallen
675912,Zac Lowther
643617,Zac Reininger
573127,Zac Rosscup
605200,Zach Davies
435043,Zach Duke
621107,Zach Eflin
643335,Zach Granite
608339,Zach Green
545346,Zach Lee
502083,Zach McAllister
656716,Zach McKinstry
594943,Zach Neal
452061,Zach Phillips
668676,Zach Plesac
647315,Zach Pop
474029,Zach Putnam
676646,Zach Reks
605507,Zach Thompson
572227,Zach Vincej
595025,Zach Walters
502154,Zack Britton
641420,Zack Burdi
641470,Zack Collins
446359,Zack Cozart
643327,Zack Godley
425844,Zack Greinke
641793,Zack Littell
670097,Zack Short
592848,Zack Weiss
554430,Zack Wheeler
